date,science orbit efficiency,rolling mean science orbit efficiency,rolling median science orbit efficiency,total observation time,overall efficiency
2000-07-02 00:00:00.000,89.68,,,64.2,71.60
2000-07-09 00:00:00.000,92.75,,,74.3,80.10
2000-07-16 00:00:00.000,95.15,,,70.9,74.50
2000-07-23 00:00:00.000,91.05,,,65.1,71.50
2000-07-30 00:00:00.000,93.11,,,74.7,80.20
2000-08-06 00:00:00.000,93.36,,,69.2,74.10
2000-08-13 00:00:00.000,93.72,,,65.1,69.50
2000-08-20 00:00:00.000,94.09,,,74.3,79.00
2000-08-27 00:00:00.000,92.71,,,70.5,76.10
2000-09-03 00:00:00.000,92.52,,,65.4,70.60
2000-09-10 00:00:00.000,91.25,,,70.6,77.40
2000-09-17 00:00:00.000,92.06,,,68.4,74.30
2000-09-24 00:00:00.000,92.39,,,68.8,74.50
2000-10-02 00:00:00.000,91.92,,,73.3,79.80
2000-10-09 00:00:00.000,90.89,,,65.4,72.00
2000-10-16 00:00:00.000,90.40,,,72.5,80.20
2000-10-23 00:00:00.000,92.74,,,70.2,75.70
2000-10-30 00:00:00.000,92.83,,,66.4,71.50
2000-11-06 00:00:00.000,91.29,,,71.4,78.20
2000-11-13 00:00:00.000,93.27,,,73.0,78.20
2000-11-20 00:00:00.000,95.44,,,67.7,70.90
2000-11-28 00:00:00.000,94.34,,,70.5,74.70
2000-12-04 00:00:00.000,90.80,,,65.8,72.50
2000-12-11 00:00:00.000,93.07,,,72.7,78.10
2000-12-18 00:00:00.000,93.80,,,70.4,75.10
2000-12-25 00:00:00.000,94.75,,,70.6,74.50
2001-01-08 00:00:00.000,87.06,,,69.3,79.60
2001-01-15 00:00:00.000,97.61,,,75.2,77.00
2001-01-22 00:00:00.000,89.86,,,67.4,75.10
2001-01-30 00:00:00.000,92.27,,,72.5,78.60
2001-02-05 00:00:00.000,94.18,,,69.8,74.10
2001-02-12 00:00:00.000,90.81,,,68.6,75.60
2001-02-19 00:00:00.000,97.00,,,73.0,75.30
2001-02-26 00:00:00.000,97.35,,,70.6,72.50
2001-03-05 00:00:00.000,94.35,,,72.2,76.50
2001-03-12 00:00:00.000,93.70,,,68.3,72.90
2001-03-19 00:00:00.000,91.33,,,65.9,72.10
2001-03-26 00:00:00.000,95.43,,,76.6,80.30
2001-04-02 00:00:00.000,93.48,,,68.4,73.20
2001-04-09 00:00:00.000,95.84,,,72.2,75.30
2001-04-16 00:00:00.000,94.40,,,73.6,78.00
2001-04-22 00:00:00.000,94.06,,,71.3,75.80
2001-04-30 00:00:00.000,95.99,,,74.5,77.60
2001-05-07 00:00:00.000,94.53,,,73.3,77.50
2001-05-14 00:00:00.000,95.15,,,70.1,73.60
2001-05-21 00:00:00.000,93.77,,,68.5,73.00
2001-05-28 00:00:00.000,92.23,,,72.0,78.00
2001-06-04 00:00:00.000,91.80,,,65.5,71.40
2001-06-11 00:00:00.000,91.84,,,72.9,79.30
2001-06-18 00:00:00.000,93.71,,,69.0,73.70
2001-06-25 00:00:00.000,96.55,,,69.1,71.60
2001-07-02 00:00:00.000,87.85,,,70.3,80.00
2001-07-09 00:00:00.000,92.97,93.10,93.11,68.5,73.70
2001-07-16 00:00:00.000,93.02,93.17,93.11,67.2,72.20
2001-07-23 00:00:00.000,92.49,93.16,93.11,73.4,79.40
2001-07-30 00:00:00.000,91.88,93.10,93.07,71.9,78.30
2001-08-06 00:00:00.000,93.99,93.16,93.11,66.8,71.10
2001-08-13 00:00:00.000,96.06,93.21,93.27,74.2,77.30
2001-08-20 00:00:00.000,93.65,93.22,93.27,68.3,73.00
2001-08-27 00:00:00.000,95.09,93.24,93.27,74.2,78.00
2001-09-03 00:00:00.000,93.74,93.24,93.27,70.3,75.00
2001-09-10 00:00:00.000,94.58,93.27,93.48,68.0,71.90
2001-09-17 00:00:00.000,91.21,93.25,93.48,71.7,78.70
2001-09-24 00:00:00.000,95.56,93.33,93.65,73.2,76.50
2001-10-01 00:00:00.000,93.39,93.35,93.65,68.5,73.30
2001-10-08 00:00:00.000,99.05,93.48,93.70,71.6,72.30
2001-10-15 00:00:00.000,92.88,93.50,93.70,73.9,79.60
2001-10-22 00:00:00.000,93.04,93.54,93.70,70.8,76.10
2001-10-29 00:00:00.000,93.36,93.59,93.70,71.0,76.00
2001-11-05 00:00:00.000,90.12,93.54,93.70,66.3,73.50
2001-11-12 00:00:00.000,90.31,93.50,93.70,66.9,74.10
2001-11-19 00:00:00.000,91.51,93.50,93.70,70.5,77.10
2001-11-26 00:00:00.000,90.29,93.44,93.70,64.6,71.50
2001-12-03 00:00:00.000,89.78,93.34,93.65,71.0,79.10
2001-12-10 00:00:00.000,92.44,93.30,93.48,72.5,78.40
2001-12-17 00:00:00.000,96.00,93.40,93.65,68.2,71.00
2001-12-24 00:00:00.000,95.26,93.44,93.70,72.5,77.70
2002-01-01 00:00:00.000,94.75,93.46,93.70,71.6,75.50
2002-01-07 00:00:00.000,94.98,93.46,93.70,70.0,73.70
2002-01-14 00:00:00.000,94.68,93.61,93.71,73.4,77.50
2002-01-21 00:00:00.000,90.75,93.48,93.70,67.7,74.60
2002-01-28 00:00:00.000,91.24,93.50,93.70,66.2,72.50
2002-02-04 00:00:00.000,90.49,93.47,93.70,70.7,78.10
2002-02-11 00:00:00.000,96.66,93.52,93.70,75.1,77.70
2002-02-18 00:00:00.000,94.01,93.58,93.71,69.3,73.80
2002-02-25 00:00:00.000,95.50,93.55,93.71,71.5,74.90
2002-03-04 00:00:00.000,92.46,93.46,93.70,69.3,74.90
2002-03-11 00:00:00.000,92.10,93.41,93.65,66.2,71.90
2002-03-18 00:00:00.000,92.99,93.40,93.48,74.7,80.40
2002-03-25 00:00:00.000,93.33,93.44,93.48,68.3,73.20
2002-04-01 00:00:00.000,91.21,93.36,93.39,64.7,70.90
2002-04-08 00:00:00.000,93.47,93.36,93.39,76.0,81.30
2002-04-15 00:00:00.000,91.97,93.29,93.36,66.6,72.40
2002-04-22 00:00:00.000,93.23,93.26,93.33,72.0,77.30
2002-04-29 00:00:00.000,93.00,93.24,93.23,72.3,77.70
2002-05-06 00:00:00.000,94.29,93.21,93.23,68.1,72.20
2002-05-13 00:00:00.000,93.68,93.20,93.23,74.1,79.10
2002-05-20 00:00:00.000,95.46,93.20,93.23,70.9,74.30
2002-05-27 00:00:00.000,93.75,93.20,93.23,66.2,70.60
2002-06-03 00:00:00.000,94.63,93.25,93.33,75.0,79.30
2002-06-10 00:00:00.000,93.35,93.28,93.35,71.3,76.40
2002-06-17 00:00:00.000,90.58,93.25,93.35,64.7,71.40
2002-06-24 00:00:00.000,92.37,93.23,93.33,73.7,79.80
2002-07-01 00:00:00.000,91.94,93.14,93.23,68.6,74.70
2002-07-08 00:00:00.000,92.17,93.22,93.23,64.6,70.10
2002-07-15 00:00:00.000,91.17,93.19,93.23,73.4,80.50
2002-07-22 00:00:00.000,92.19,93.17,93.23,68.8,74.70
2002-07-29 00:00:00.000,94.95,93.22,93.33,68.3,72.00
2002-08-05 00:00:00.000,92.14,93.22,93.33,73.0,79.20
2002-08-12 00:00:00.000,94.06,93.22,93.33,69.2,73.60
2002-08-19 00:00:00.000,92.44,93.16,93.23,67.0,72.50
2002-08-26 00:00:00.000,93.46,93.15,93.23,73.6,78.70
2002-09-02 00:00:00.000,91.62,93.09,93.04,65.1,71.10
2002-09-09 00:00:00.000,94.00,93.09,93.04,74.9,79.70
2002-09-16 00:00:00.000,89.43,92.99,93.00,69.7,77.90
2002-09-23 00:00:00.000,91.78,93.01,93.00,62.8,68.40
2002-09-30 00:00:00.000,92.44,92.95,92.99,74.2,80.30
2002-10-07 00:00:00.000,92.39,92.93,92.88,71.2,77.00
2002-10-14 00:00:00.000,92.09,92.80,92.46,65.7,71.40
2002-10-21 00:00:00.000,94.46,92.83,92.46,74.5,78.90
2002-10-28 00:00:00.000,92.67,92.82,92.46,68.1,73.50
2002-11-04 00:00:00.000,93.59,92.82,92.46,67.2,71.80
2002-11-11 00:00:00.000,90.83,92.84,92.46,71.7,78.90
2002-11-18 00:00:00.000,94.70,92.92,92.67,63.5,67.10
2002-11-25 00:00:00.000,91.42,92.92,92.67,68.2,74.60
2002-12-02 00:00:00.000,91.69,92.94,92.67,71.9,78.40
2002-12-09 00:00:00.000,93.68,93.02,92.99,66.8,71.30
2002-12-16 00:00:00.000,91.94,93.01,92.99,67.1,73.00
2002-12-23 00:00:00.000,94.60,92.98,92.99,76.9,81.30
2002-12-30 00:00:00.000,91.82,92.92,92.67,62.8,68.40
2003-01-06 00:00:00.000,95.40,92.93,92.67,76.0,79.60
2003-01-13 00:00:00.000,99.02,93.01,92.67,77.5,78.30
2003-01-20 00:00:00.000,91.84,92.95,92.46,68.4,74.50
2003-01-27 00:00:00.000,91.23,92.96,92.46,71.2,78.10
2003-02-03 00:00:00.000,91.18,92.96,92.46,67.6,74.10
2003-02-10 00:00:00.000,93.58,93.02,92.67,67.7,72.30
2003-02-17 00:00:00.000,88.38,92.86,92.46,68.7,77.80
2003-02-24 00:00:00.000,93.49,92.85,92.46,67.9,72.60
2003-03-03 00:00:00.000,93.80,92.82,92.46,72.3,77.10
2003-03-10 00:00:00.000,92.15,92.81,92.44,69.3,75.20
2003-03-17 00:00:00.000,93.85,92.85,92.67,68.5,73.00
2003-03-24 00:00:00.000,88.25,92.76,92.44,65.2,73.90
2003-03-31 00:00:00.000,88.99,92.68,92.44,69.9,78.60
2003-04-07 00:00:00.000,94.13,92.73,92.44,67.2,71.40
2003-04-14 00:00:00.000,93.41,92.73,92.44,72.3,77.40
2003-04-21 00:00:00.000,96.93,92.82,92.67,72.5,74.80
2003-04-28 00:00:00.000,94.45,92.85,92.67,66.9,70.80
2003-05-05 00:00:00.000,94.65,92.88,92.67,69.4,73.30
2003-05-12 00:00:00.000,91.91,92.83,92.44,64.9,70.60
2003-05-19 00:00:00.000,92.68,92.81,92.44,59.0,63.70
2003-05-26 00:00:00.000,94.02,92.79,92.44,69.7,74.10
2003-06-02 00:00:00.000,94.77,92.81,92.44,64.8,68.40
2003-06-09 00:00:00.000,95.24,92.82,92.44,63.8,67.00
2003-06-16 00:00:00.000,93.97,92.83,92.44,70.7,75.20
2003-06-23 00:00:00.000,93.38,92.88,92.67,66.3,71.00
2003-06-30 00:00:00.000,93.80,92.91,92.68,64.9,69.20
2003-07-07 00:00:00.000,93.06,92.93,93.06,70.1,75.30
2003-07-14 00:00:00.000,94.28,92.97,93.38,68.4,72.60
2003-07-21 00:00:00.000,95.09,93.04,93.41,69.6,73.20
2003-07-28 00:00:00.000,90.98,93.02,93.41,65.1,71.50
2003-08-04 00:00:00.000,91.02,92.95,93.38,62.1,68.20
2003-08-11 00:00:00.000,91.42,92.93,93.38,62.3,68.20
2003-08-18 00:00:00.000,93.27,92.92,93.27,71.4,76.50
2003-08-25 00:00:00.000,93.77,92.94,93.38,64.7,69.00
2003-09-01 00:00:00.000,89.84,92.88,93.27,65.9,73.30
2003-09-08 00:00:00.000,93.57,92.91,93.38,68.5,73.20
2003-09-15 00:00:00.000,94.87,92.93,93.38,65.9,69.40
2003-09-22 00:00:00.000,94.76,93.03,93.41,74.0,78.10
2003-09-29 00:00:00.000,94.09,93.07,93.49,69.5,73.90
2003-10-05 00:00:00.000,94.49,93.11,93.57,69.8,73.90
2003-10-13 00:00:00.000,96.67,93.19,93.58,70.3,72.70
2003-10-20 00:00:00.000,95.29,93.25,93.59,69.9,73.30
2003-10-27 00:00:00.000,94.07,93.24,93.59,66.4,70.60
2003-11-03 00:00:00.000,90.74,93.21,93.59,71.0,78.30
2003-11-08 00:00:00.000,90.18,93.14,93.58,68.9,76.40
2003-11-17 00:00:00.000,89.90,93.13,93.58,64.5,75.10
2003-11-24 00:00:00.000,90.54,93.05,93.57,66.1,73.00
2003-12-01 00:00:00.000,94.42,93.10,93.58,70.2,74.40
2003-12-08 00:00:00.000,93.68,93.14,93.68,69.0,73.60
2003-12-15 00:00:00.000,92.59,93.12,93.58,68.2,73.70
2003-12-22 00:00:00.000,93.26,93.15,93.58,69.5,74.50
2003-12-29 00:00:00.000,90.09,93.06,93.57,67.8,75.30
2004-01-12 00:00:00.000,93.26,93.09,93.57,66.8,71.60
2004-01-19 00:00:00.000,89.68,92.98,93.49,69.5,77.50
2004-01-26 00:00:00.000,91.45,92.84,93.41,66.7,72.90
2004-02-02 00:00:00.000,88.51,92.78,93.41,61.8,69.80
2004-02-09 00:00:00.000,88.22,92.72,93.41,63.2,71.70
2004-02-16 00:00:00.000,92.79,92.75,93.41,72.9,78.60
2004-02-23 00:00:00.000,92.58,92.73,93.38,68.5,74.00
2004-03-01 00:00:00.000,94.10,92.84,93.41,69.5,73.90
2004-03-08 00:00:00.000,93.28,92.83,93.38,67.1,71.90
2004-03-15 00:00:00.000,93.81,92.83,93.38,72.2,77.00
2004-03-22 00:00:00.000,90.61,92.80,93.38,67.1,74.00
2004-03-29 00:00:00.000,95.65,92.84,93.38,68.0,71.10
2004-04-05 00:00:00.000,90.98,92.89,93.38,69.4,76.30
2004-04-12 00:00:00.000,94.02,92.99,93.41,68.1,72.40
2004-04-19 00:00:00.000,95.73,93.02,93.41,70.9,74.10
2004-04-26 00:00:00.000,94.78,93.04,93.57,70.5,74.40
2004-05-03 00:00:00.000,89.91,92.91,93.38,69.1,76.90
2004-05-10 00:00:00.000,93.37,92.89,93.37,68.0,72.90
2004-05-17 00:00:00.000,95.68,92.91,93.37,75.1,78.50
2004-05-24 00:00:00.000,96.60,93.00,93.38,70.9,73.40
2004-05-31 00:00:00.000,93.56,93.01,93.56,70.5,75.40
2004-06-07 00:00:00.000,91.47,92.96,93.38,66.9,73.10
2004-06-14 00:00:00.000,91.13,92.90,93.37,66.4,72.80
2004-06-21 00:00:00.000,92.54,92.85,93.28,64.5,69.70
2004-06-28 00:00:00.000,92.92,92.83,93.27,73.6,79.20
2004-07-05 00:00:00.000,91.54,92.79,93.26,66.0,72.10
2004-07-12 00:00:00.000,92.56,92.77,93.26,70.5,76.20
2004-07-19 00:00:00.000,94.67,92.80,93.26,68.4,72.30
2004-07-26 00:00:00.000,90.67,92.73,93.26,65.0,71.70
2004-08-02 00:00:00.000,89.81,92.63,92.92,61.9,68.90
2004-08-09 00:00:00.000,93.18,92.67,93.18,71.2,76.40
2004-08-16 00:00:00.000,95.20,92.75,93.26,65.9,69.20
2004-08-23 00:00:00.000,94.45,92.81,93.26,71.8,76.00
2004-08-30 00:00:00.000,92.57,92.79,93.26,65.8,71.00
2004-09-06 00:00:00.000,94.10,92.80,93.26,66.5,70.70
2004-09-13 00:00:00.000,89.50,92.79,93.26,69.3,77.40
2004-09-20 00:00:00.000,93.79,92.80,93.26,67.9,72.40
2004-09-27 00:00:00.000,93.31,92.77,93.26,63.8,68.40
2004-10-04 00:00:00.000,95.56,92.78,93.26,74.1,77.50
2004-10-11 00:00:00.000,96.61,92.83,93.26,71.6,74.20
2004-10-18 00:00:00.000,93.18,92.81,93.18,64.0,68.70
2004-10-25 00:00:00.000,93.05,92.74,93.18,72.6,78.00
2004-10-31 00:00:00.000,92.62,92.69,93.05,67.1,72.50
2004-11-08 00:00:00.000,95.62,92.72,93.05,69.7,72.90
2004-11-22 00:00:00.000,85.60,92.62,93.05,58.3,68.10
2004-11-29 00:00:00.000,89.14,92.60,93.05,69.1,77.60
2004-12-06 00:00:00.000,89.80,92.60,93.05,62.3,69.40
2004-12-13 00:00:00.000,86.06,92.51,93.05,63.9,74.30
2004-12-20 00:00:00.000,91.62,92.46,92.92,68.6,74.90
2004-12-27 00:00:00.000,88.75,92.37,92.79,69.5,78.30
2005-01-03 00:00:00.000,88.81,92.30,92.79,62.3,70.20
2005-01-10 00:00:00.000,88.39,92.21,92.62,67.5,76.30
2005-01-17 00:00:00.000,91.81,92.24,92.62,67.4,73.40
2005-01-24 00:00:00.000,89.90,92.17,92.58,66.7,74.20
2005-01-31 00:00:00.000,90.63,92.19,92.58,68.5,75.60
2005-02-07 00:00:00.000,89.82,92.16,92.58,64.4,71.60
2005-02-14 00:00:00.000,88.22,92.16,92.58,60.9,69.00
2005-02-21 00:00:00.000,87.24,92.14,92.58,68.1,78.00
2005-02-28 00:00:00.000,91.93,92.12,92.57,65.3,71.00
2005-03-07 00:00:00.000,85.37,91.99,92.56,65.7,77.00
2005-03-14 00:00:00.000,90.25,91.91,92.54,67.5,74.80
2005-03-21 00:00:00.000,91.32,91.88,91.93,66.1,72.40
2005-03-28 00:00:00.000,91.95,91.84,91.93,69.4,75.50
2005-04-04 00:00:00.000,93.25,91.89,91.95,68.1,73.00
2005-04-11 00:00:00.000,90.43,91.79,91.93,61.0,67.40
2005-04-18 00:00:00.000,91.83,91.81,91.93,66.9,72.90
2005-04-25 00:00:00.000,93.83,91.80,91.93,66.4,70.70
2005-05-02 00:00:00.000,94.93,91.79,91.93,64.4,67.80
2005-05-09 00:00:00.000,94.52,91.78,91.93,72.5,76.70
2005-05-16 00:00:00.000,93.58,91.85,91.95,67.8,72.50
2005-05-23 00:00:00.000,90.73,91.80,91.93,64.1,70.60
2005-05-30 00:00:00.000,89.64,91.69,91.83,69.6,77.70
2005-06-06 00:00:00.000,93.24,91.63,91.83,66.2,71.00
2005-06-13 00:00:00.000,92.35,91.60,91.83,66.3,71.80
2005-06-20 00:00:00.000,88.52,91.55,91.83,68.6,77.50
2005-06-27 00:00:00.000,91.36,91.55,91.83,64.3,70.40
2005-07-04 00:00:00.000,91.80,91.54,91.81,68.5,74.70
2005-07-11 00:00:00.000,87.49,91.44,91.80,65.8,75.20
2005-07-18 00:00:00.000,94.33,91.49,91.81,67.6,71.60
2005-07-25 00:00:00.000,91.91,91.48,91.81,64.1,69.80
2005-08-01 00:00:00.000,93.68,91.46,91.81,70.9,75.70
2005-08-08 00:00:00.000,88.64,91.42,91.81,62.4,70.40
2005-08-15 00:00:00.000,92.23,91.46,91.83,69.1,74.90
2005-08-22 00:00:00.000,90.58,91.42,91.81,62.1,68.50
2005-08-27 00:00:00.000,88.14,91.28,91.80,66.4,75.40
2005-09-05 00:00:00.000,90.99,91.22,91.62,69.6,76.50
2005-09-12 00:00:00.000,91.86,91.20,91.62,66.2,72.10
2005-09-19 00:00:00.000,93.25,91.19,91.62,63.9,68.50
2005-09-26 00:00:00.000,88.52,91.17,91.62,67.2,75.90
2005-10-03 00:00:00.000,87.02,91.04,91.36,61.2,70.30
2005-10-10 00:00:00.000,87.62,90.93,91.32,66.0,75.30
2005-10-17 00:00:00.000,88.55,90.80,90.99,64.3,72.60
2005-10-24 00:00:00.000,89.63,90.67,90.73,62.4,69.60
2005-10-31 00:00:00.000,88.68,90.59,90.63,62.9,70.90
2005-11-07 00:00:00.000,83.75,90.41,90.58,66.6,79.50
2005-11-14 00:00:00.000,84.70,90.26,90.43,56.4,66.60
2005-11-21 00:00:00.000,87.41,90.11,90.25,64.1,73.40
2005-11-28 00:00:00.000,79.43,89.99,90.25,59.4,74.80
2005-12-05 00:00:00.000,84.63,89.90,90.25,55.6,65.70
2005-12-12 00:00:00.000,86.90,89.85,90.25,67.2,77.40
2005-12-19 00:00:00.000,91.48,89.95,90.43,65.3,71.40
2005-12-26 00:00:00.000,91.77,89.95,90.43,66.6,72.60
2006-01-09 00:00:00.000,86.80,89.92,90.43,63.2,72.80
2006-01-16 00:00:00.000,91.60,89.97,90.58,63.3,69.10
2006-01-23 00:00:00.000,90.92,90.02,90.63,69.5,76.40
2006-01-30 00:00:00.000,89.45,89.97,90.58,63.4,70.90
2006-02-06 00:00:00.000,86.75,89.91,90.58,58.9,67.90
2006-02-13 00:00:00.000,90.65,89.91,90.58,69.7,76.90
2006-02-20 00:00:00.000,89.50,89.91,90.58,61.9,69.10
2006-02-27 00:00:00.000,89.95,89.94,90.58,68.5,76.20
2006-03-06 00:00:00.000,90.59,90.00,90.59,65.5,72.30
2006-03-13 00:00:00.000,90.25,89.97,90.58,63.6,70.50
2006-03-20 00:00:00.000,90.47,90.07,90.58,68.2,75.40
2006-03-27 00:00:00.000,90.22,90.07,90.58,64.0,70.90
2006-04-03 00:00:00.000,93.61,90.11,90.58,66.7,71.30
2006-04-10 00:00:00.000,89.53,90.07,90.47,69.0,77.10
2006-04-17 00:00:00.000,89.09,89.99,90.43,63.6,71.30
2006-04-24 00:00:00.000,93.95,90.05,90.47,68.4,72.80
2006-05-01 00:00:00.000,93.36,90.08,90.47,72.9,78.10
2006-05-08 00:00:00.000,92.21,90.05,90.47,64.3,69.70
2006-05-15 00:00:00.000,94.09,90.04,90.47,67.2,71.50
2006-05-22 00:00:00.000,90.35,89.96,90.35,70.7,78.20
2006-05-29 00:00:00.000,90.87,89.91,90.35,64.7,71.20
2006-06-05 00:00:00.000,94.04,89.97,90.35,71.3,75.90
2006-06-12 00:00:00.000,93.56,90.04,90.47,70.6,75.50
2006-06-19 00:00:00.000,90.29,89.99,90.35,64.3,71.20
2006-06-26 00:00:00.000,93.37,90.01,90.35,73.7,78.90
2006-07-03 00:00:00.000,93.37,90.10,90.47,73.7,78.90
2006-07-10 00:00:00.000,95.18,90.17,90.47,66.1,69.40
2006-07-17 00:00:00.000,95.36,90.24,90.47,72.6,76.10
2006-07-24 00:00:00.000,92.73,90.34,90.58,66.2,71.40
2006-07-31 00:00:00.000,94.53,90.34,90.58,65.8,69.60
2006-08-07 00:00:00.000,94.01,90.38,90.58,69.2,73.60
2006-08-14 00:00:00.000,90.31,90.32,90.47,63.6,70.40
2006-08-21 00:00:00.000,97.07,90.47,90.58,66.2,68.20
2006-08-28 00:00:00.000,93.38,90.50,90.58,70.1,75.10
2006-09-04 00:00:00.000,91.51,90.51,90.59,65.7,71.80
2006-09-11 00:00:00.000,88.42,90.52,90.59,63.1,71.40
2006-09-18 00:00:00.000,89.07,90.48,90.47,63.5,71.30
2006-09-25 00:00:00.000,93.32,90.51,90.47,63.8,68.40
2006-10-02 00:00:00.000,95.25,90.55,90.47,71.9,75.50
2006-10-09 00:00:00.000,88.82,90.55,90.47,64.1,72.20
2006-10-16 00:00:00.000,95.92,90.72,90.59,68.3,71.20
2006-10-23 00:00:00.000,93.39,90.83,90.65,69.2,74.10
2006-10-30 00:00:00.000,91.70,90.89,90.87,65.7,71.60
2006-11-06 00:00:00.000,92.98,90.95,90.92,65.2,70.10
2006-11-13 00:00:00.000,93.60,91.05,91.48,69.1,73.80
2006-11-20 00:00:00.000,93.07,91.22,91.51,66.5,71.40
2006-11-27 00:00:00.000,90.61,91.33,91.51,63.2,69.80
2006-12-04 00:00:00.000,91.66,91.41,91.60,67.8,73.90
2006-12-11 00:00:00.000,91.80,91.65,91.66,64.2,70.00
2006-12-18 00:00:00.000,89.51,91.74,91.66,63.0,70.40
2006-12-25 00:00:00.000,92.80,91.85,91.70,66.9,72.10
2007-01-08 00:00:00.000,93.40,91.89,91.77,67.5,72.30
2007-01-15 00:00:00.000,91.47,91.88,91.70,70.4,77.00
2007-01-22 00:00:00.000,95.11,92.04,91.80,67.2,70.60
2007-01-29 00:00:00.000,93.70,92.08,92.21,64.2,68.60
2007-02-05 00:00:00.000,89.83,92.06,92.21,69.8,77.70
2007-02-12 00:00:00.000,90.69,92.08,92.21,62.7,69.10
2007-02-19 00:00:00.000,91.29,92.17,92.21,70.6,77.30
2007-02-26 00:00:00.000,95.12,92.25,92.73,68.6,72.10
2007-03-05 00:00:00.000,89.63,92.25,92.73,61.0,68.00
2007-03-12 00:00:00.000,87.80,92.21,92.73,67.5,76.90
2007-03-19 00:00:00.000,89.40,92.19,92.73,65.4,73.10
2007-03-26 00:00:00.000,92.92,92.24,92.80,65.2,70.20
2007-04-02 00:00:00.000,96.52,92.35,92.92,73.8,76.50
2007-04-09 00:00:00.000,95.59,92.46,92.98,70.3,73.50
2007-04-16 00:00:00.000,92.24,92.43,92.92,63.8,69.20
2007-04-23 00:00:00.000,91.21,92.46,92.92,70.2,77.00
2007-04-30 00:00:00.000,92.51,92.53,92.92,65.1,70.30
2007-05-07 00:00:00.000,92.46,92.50,92.80,63.4,68.60
2007-05-14 00:00:00.000,95.67,92.54,92.80,73.8,77.20
2007-05-21 00:00:00.000,92.13,92.54,92.80,66.1,71.70
2007-05-28 00:00:00.000,94.64,92.55,92.80,63.6,67.20
2007-06-04 00:00:00.000,93.80,92.62,92.92,73.6,78.40
2007-06-11 00:00:00.000,92.37,92.64,92.92,66.3,71.70
2007-06-18 00:00:00.000,92.69,92.62,92.80,68.8,74.20
2007-06-25 00:00:00.000,93.21,92.61,92.80,68.3,73.20
2007-07-02 00:00:00.000,94.08,92.68,92.92,66.0,70.20
2007-07-09 00:00:00.000,87.85,92.58,92.80,66.0,75.10
2007-07-16 00:00:00.000,94.49,92.60,92.80,68.4,72.30
2007-07-23 00:00:00.000,89.32,92.49,92.73,61.5,68.80
2007-07-30 00:00:00.000,93.23,92.45,92.73,70.9,76.10
2007-08-06 00:00:00.000,93.35,92.46,92.80,66.7,71.50
2007-08-13 00:00:00.000,94.52,92.46,92.80,66.0,69.80
2007-08-20 00:00:00.000,91.81,92.42,92.69,70.0,76.20
2007-08-27 00:00:00.000,93.35,92.48,92.80,67.1,71.80
2007-09-03 00:00:00.000,91.27,92.37,92.69,63.2,69.30
2007-09-10 00:00:00.000,89.88,92.30,92.51,68.1,75.80
2007-09-17 00:00:00.000,88.16,92.24,92.51,59.8,67.80
2007-09-24 00:00:00.000,90.06,92.27,92.51,65.2,72.50
2007-10-01 00:00:00.000,96.24,92.40,92.69,74.6,77.50
2007-10-08 00:00:00.000,98.25,92.50,92.69,69.4,70.60
2007-10-15 00:00:00.000,94.12,92.48,92.69,71.3,75.70
2007-10-22 00:00:00.000,92.57,92.55,92.69,67.5,72.90
2007-10-29 00:00:00.000,93.53,92.50,92.69,68.7,73.50
2007-11-05 00:00:00.000,93.86,92.51,92.69,69.3,73.80
2007-11-12 00:00:00.000,90.68,92.49,92.69,67.3,74.30
2007-11-19 00:00:00.000,92.55,92.48,92.57,63.7,68.80
2007-11-26 00:00:00.000,87.20,92.36,92.55,66.4,76.10
2007-12-03 00:00:00.000,93.15,92.36,92.55,67.0,71.90
2007-12-10 00:00:00.000,91.73,92.39,92.55,63.5,69.20
2007-12-17 00:00:00.000,88.52,92.33,92.55,68.6,77.50
2007-12-24 00:00:00.000,89.16,92.28,92.55,65.0,72.90
2008-01-07 00:00:00.000,92.13,92.33,92.55,72.6,78.80
2008-01-14 00:00:00.000,90.87,92.29,92.51,66.3,73.00
2008-01-21 00:00:00.000,89.85,92.22,92.46,68.5,76.20
2008-01-28 00:00:00.000,89.85,92.19,92.46,68.5,76.20
2008-02-04 00:00:00.000,89.44,92.08,92.37,62.3,69.60
2008-02-11 00:00:00.000,88.87,91.99,92.24,69.3,78.00
2008-02-18 00:00:00.000,86.27,91.93,92.24,64.6,74.90
2008-02-25 00:00:00.000,88.38,91.88,92.24,62.8,71.10
2008-03-03 00:00:00.000,90.26,91.86,92.24,72.9,80.80
2008-03-10 00:00:00.000,89.00,91.75,92.13,66.5,74.70
2008-03-17 00:00:00.000,93.02,91.81,92.24,63.9,68.70
2008-03-24 00:00:00.000,92.38,91.90,92.37,73.8,79.90
2008-03-31 00:00:00.000,89.86,91.91,92.37,66.5,74.00
2008-04-07 00:00:00.000,93.45,91.92,92.37,69.2,74.00
2008-04-14 00:00:00.000,92.70,91.84,92.37,74.6,80.50
2008-04-21 00:00:00.000,93.18,91.80,92.37,67.5,72.40
2008-04-28 00:00:00.000,90.81,91.77,92.37,69.1,76.10
2008-05-05 00:00:00.000,92.17,91.79,92.37,74.6,80.90
2008-05-12 00:00:00.000,82.47,91.60,92.17,57.6,69.90
2008-05-16 00:00:00.000,89.62,91.55,92.13,69.0,77.00
2008-05-26 00:00:00.000,89.03,91.42,92.13,66.6,74.80
2008-06-02 00:00:00.000,93.76,91.45,92.13,65.4,69.80
2008-06-09 00:00:00.000,93.41,91.43,92.13,73.6,78.80
2008-06-16 00:00:00.000,90.24,91.36,91.81,66.2,73.40
2008-06-23 00:00:00.000,90.87,91.33,91.73,63.8,70.20
2008-06-30 00:00:00.000,88.57,91.26,91.27,68.8,77.70
2008-07-07 00:00:00.000,94.09,91.27,91.27,70.4,74.90
2008-07-14 00:00:00.000,94.78,91.29,91.27,69.7,73.50
2008-07-21 00:00:00.000,95.96,91.44,91.73,71.6,74.70
2008-07-28 00:00:00.000,96.31,91.47,91.73,71.9,74.70
2008-08-04 00:00:00.000,93.87,91.56,91.81,65.6,69.90
2008-08-11 00:00:00.000,96.87,91.63,91.81,75.4,77.80
2008-08-18 00:00:00.000,93.97,91.64,91.81,67.5,71.80
2008-08-25 00:00:00.000,94.69,91.64,91.81,67.9,71.70
2008-09-01 00:00:00.000,90.26,91.61,91.73,70.5,78.10
2008-09-08 00:00:00.000,95.37,91.65,91.73,69.1,72.50
2008-09-15 00:00:00.000,93.78,91.70,92.13,67.4,71.80
2008-09-22 00:00:00.000,92.78,91.75,92.17,72.9,78.60
2008-09-29 00:00:00.000,95.28,91.89,92.38,68.8,72.30
2008-10-04 00:00:00.000,92.72,91.94,92.55,73.1,78.80
2008-10-13 00:00:00.000,92.13,91.86,92.38,69.9,75.90
2008-10-20 00:00:00.000,95.38,91.81,92.38,70.9,74.30
2008-10-27 00:00:00.000,86.75,91.67,92.17,65.6,75.60
2008-11-03 00:00:00.000,89.59,91.61,92.13,66.8,74.50
2008-11-10 00:00:00.000,88.69,91.52,92.13,63.7,71.80
2008-11-17 00:00:00.000,88.84,91.43,91.73,69.6,78.40
2008-11-24 00:00:00.000,90.03,91.41,91.73,67.0,74.40
2008-12-01 00:00:00.000,90.30,91.37,90.87,66.6,73.70
2008-12-08 00:00:00.000,91.82,91.46,91.73,73.8,80.40
2008-12-15 00:00:00.000,93.28,91.46,91.73,71.2,76.30
2008-12-22 00:00:00.000,92.85,91.48,91.82,65.6,70.60
2008-12-29 00:00:00.000,90.44,91.52,91.82,70.7,78.20
2009-01-12 00:00:00.000,87.96,91.50,91.82,69.0,78.40
2009-01-19 00:00:00.000,89.45,91.44,90.87,68.7,76.80
2009-01-26 00:00:00.000,91.57,91.46,91.57,67.2,73.30
2009-02-02 00:00:00.000,83.36,91.34,91.57,67.5,81.00
2009-02-09 00:00:00.000,86.49,91.27,91.57,68.4,79.10
2009-02-16 00:00:00.000,88.12,91.25,91.57,68.9,78.10
2009-02-23 00:00:00.000,86.61,91.20,91.57,69.9,80.80
2009-03-02 00:00:00.000,91.18,91.30,91.57,69.7,76.40
2009-03-09 00:00:00.000,90.55,91.34,91.57,72.3,79.80
2009-03-16 00:00:00.000,91.97,91.37,91.82,70.6,76.80
2009-03-23 00:00:00.000,92.24,91.43,91.97,72.4,78.50
2009-03-30 00:00:00.000,91.60,91.40,91.82,66.0,72.10
2009-04-06 00:00:00.000,94.49,91.44,91.82,76.9,81.40
2009-04-13 00:00:00.000,94.79,91.54,91.97,71.6,75.50
2009-04-20 00:00:00.000,95.28,91.57,91.97,69.6,73.10
2009-04-27 00:00:00.000,94.46,91.61,91.97,77.3,81.80
2009-05-04 00:00:00.000,93.19,91.61,91.97,72.6,77.90
2009-05-11 00:00:00.000,93.72,91.66,92.13,73.0,77.90
2009-05-18 00:00:00.000,95.29,91.72,92.13,74.5,78.20
2009-05-25 00:00:00.000,92.98,91.92,92.24,72.9,78.40
2009-06-01 00:00:00.000,92.46,91.97,92.46,71.9,77.70
2009-06-08 00:00:00.000,93.71,92.06,92.72,71.8,76.70
2009-06-15 00:00:00.000,92.96,92.04,92.72,71.0,76.40
2009-06-22 00:00:00.000,94.58,92.07,92.72,77.1,81.50
2009-06-29 00:00:00.000,94.58,92.15,92.78,72.3,76.40
2009-07-06 00:00:00.000,90.94,92.15,92.78,65.9,72.40
2009-07-13 00:00:00.000,92.54,92.22,92.78,72.9,78.80
2009-07-20 00:00:00.000,94.33,92.23,92.78,72.1,76.50
2009-07-27 00:00:00.000,93.72,92.21,92.78,69.2,73.80
2009-08-03 00:00:00.000,93.13,92.16,92.78,73.9,79.40
2009-08-10 00:00:00.000,95.63,92.14,92.78,73.3,76.60
2009-08-17 00:00:00.000,95.51,92.17,92.78,72.4,75.80
2009-08-24 00:00:00.000,92.70,92.10,92.72,74.4,80.20
2009-08-31 00:00:00.000,93.39,92.08,92.72,70.2,75.10
2009-09-07 00:00:00.000,93.26,92.06,92.72,73.4,78.70
2009-09-14 00:00:00.000,91.60,92.08,92.72,70.7,77.20
2009-09-21 00:00:00.000,87.60,91.94,92.70,64.7,73.80
2009-09-28 00:00:00.000,94.04,91.94,92.70,75.4,80.20
2009-10-05 00:00:00.000,95.44,91.99,92.70,70.7,74.10
2009-10-12 00:00:00.000,92.12,91.93,92.54,70.7,76.70
2009-10-19 00:00:00.000,91.71,91.91,92.46,73.3,80.00
2009-10-26 00:00:00.000,90.94,91.89,92.46,69.1,76.00
2009-10-31 00:00:00.000,91.32,91.81,92.24,72.6,79.50
2009-11-09 00:00:00.000,95.13,91.97,92.46,76.9,80.80
2009-11-16 00:00:00.000,91.70,92.01,92.46,70.1,76.40
2009-11-23 00:00:00.000,92.13,92.08,92.46,75.2,81.70
2009-11-30 00:00:00.000,94.38,92.18,92.54,74.7,79.20
2009-12-07 00:00:00.000,93.08,92.24,92.70,71.0,76.30
2009-12-14 00:00:00.000,87.88,92.19,92.70,67.7,77.00
2009-12-21 00:00:00.000,90.44,92.17,92.70,75.8,83.80
2009-12-28 00:00:00.000,91.84,92.14,92.54,71.5,77.80
2010-01-11 00:00:00.000,89.83,92.08,92.46,75.4,83.90
2010-01-18 00:00:00.000,90.01,92.07,92.46,71.0,78.90
2010-01-23 00:00:00.000,96.83,92.24,92.54,74.4,76.80
2010-02-01 00:00:00.000,87.51,92.20,92.54,69.6,79.50
2010-02-08 00:00:00.000,92.98,92.23,92.70,72.2,77.60
2010-02-13 00:00:00.000,90.84,92.37,92.70,75.6,83.20
2010-02-22 00:00:00.000,93.87,92.51,92.96,73.2,78.00
2010-03-01 00:00:00.000,92.65,92.60,92.96,72.0,77.70
2010-03-08 00:00:00.000,92.75,92.71,92.96,74.3,80.10
2010-03-15 00:00:00.000,91.30,92.72,92.96,71.7,78.50
2010-03-22 00:00:00.000,95.10,92.80,92.98,72.5,76.20
2010-03-29 00:00:00.000,92.39,92.81,92.98,77.8,84.20
2010-04-05 00:00:00.000,94.86,92.86,92.98,75.0,79.10
2010-04-12 00:00:00.000,91.47,92.86,92.98,69.6,76.00
2010-04-19 00:00:00.000,92.90,92.83,92.98,78.0,84.00
2010-04-26 00:00:00.000,92.46,92.78,92.96,72.2,78.10
2010-05-03 00:00:00.000,91.70,92.71,92.90,76.3,83.20
2010-05-10 00:00:00.000,91.63,92.66,92.75,74.2,81.00
2010-05-17 00:00:00.000,94.47,92.69,92.75,76.5,81.00
2010-05-24 00:00:00.000,93.12,92.67,92.75,72.2,77.50
2010-05-31 00:00:00.000,93.22,92.64,92.75,79.7,85.50
2010-06-07 00:00:00.000,95.28,92.68,92.75,74.8,78.50
2010-06-14 00:00:00.000,92.41,92.68,92.75,75.7,81.90
2010-06-21 00:00:00.000,92.25,92.65,92.70,72.7,78.80
2010-06-28 00:00:00.000,91.99,92.63,92.65,70.5,76.60
2010-07-05 00:00:00.000,93.98,92.62,92.65,77.2,82.10
2010-07-12 00:00:00.000,92.12,92.57,92.54,73.0,79.30
2010-07-19 00:00:00.000,90.93,92.57,92.54,72.5,79.70
2010-07-26 00:00:00.000,93.07,92.58,92.65,76.1,81.80
2010-08-02 00:00:00.000,94.70,92.59,92.65,74.8,79.00
2010-08-09 00:00:00.000,94.49,92.61,92.65,73.6,77.90
2010-08-16 00:00:00.000,92.19,92.59,92.46,76.6,83.10
2010-08-23 00:00:00.000,94.07,92.56,92.46,76.0,80.80
2010-08-30 00:00:00.000,95.28,92.55,92.46,75.2,79.00
2010-09-06 00:00:00.000,94.38,92.59,92.46,76.1,80.60
2010-09-13 00:00:00.000,92.10,92.56,92.41,75.3,81.70
2010-09-20 00:00:00.000,89.41,92.49,92.39,70.5,78.90
2010-09-27 00:00:00.000,93.73,92.53,92.41,79.3,84.60
2010-10-04 00:00:00.000,93.41,92.64,92.46,75.7,81.10
2010-10-11 00:00:00.000,94.85,92.65,92.46,78.6,82.80
2010-10-18 00:00:00.000,92.82,92.60,92.46,74.2,80.00
2010-10-25 00:00:00.000,91.45,92.59,92.46,74.2,81.10
2010-11-01 00:00:00.000,91.85,92.59,92.46,75.2,81.90
2010-11-08 00:00:00.000,92.69,92.63,92.65,74.2,80.00
2010-11-15 00:00:00.000,92.91,92.66,92.69,73.8,79.40
2010-11-22 00:00:00.000,92.17,92.60,92.65,78.3,85.00
2010-11-29 00:00:00.000,93.98,92.64,92.69,76.2,81.10
2010-12-06 00:00:00.000,93.75,92.67,92.75,74.2,79.20
2010-12-13 00:00:00.000,95.43,92.69,92.75,82.1,86.00
2010-12-20 00:00:00.000,94.18,92.72,92.75,75.3,80.00
2010-12-22 00:00:00.000,94.52,92.84,92.82,78.9,83.50
2011-01-10 00:00:00.000,90.68,92.85,92.82,75.4,83.20
2011-01-17 00:00:00.000,92.85,92.86,92.85,75.6,81.40
2011-01-24 00:00:00.000,94.86,92.96,92.90,82.7,87.10
2011-01-31 00:00:00.000,90.02,92.96,92.90,73.5,81.60
2011-02-07 00:00:00.000,93.84,92.90,92.90,80.2,85.50
2011-02-14 00:00:00.000,93.77,93.02,92.91,76.1,81.20
2011-02-21 00:00:00.000,93.90,93.04,92.91,76.5,81.40
2011-02-28 00:00:00.000,93.46,93.09,93.07,78.8,84.30
2011-03-07 00:00:00.000,91.54,93.04,92.91,75.3,82.20
2011-03-14 00:00:00.000,92.42,93.04,92.91,71.9,77.80
2011-03-21 00:00:00.000,95.08,93.08,93.07,81.9,86.10
2011-03-28 00:00:00.000,92.97,93.12,93.07,75.5,81.20
2011-04-04 00:00:00.000,95.80,93.13,93.07,78.4,81.80
2011-04-11 00:00:00.000,95.45,93.19,93.12,82.1,86.00
2011-04-18 00:00:00.000,94.26,93.17,93.12,76.3,81.00
2011-04-25 00:00:00.000,93.85,93.22,93.22,78.9,84.00
2011-05-02 00:00:00.000,95.13,93.26,93.41,80.5,84.60
2011-05-09 00:00:00.000,98.23,93.37,93.46,79.3,80.70
2011-05-16 00:00:00.000,95.96,93.45,93.73,80.3,83.60
2011-05-23 00:00:00.000,94.30,93.50,93.75,76.9,81.50
2011-05-30 00:00:00.000,95.29,93.52,93.75,76.2,80.00
2011-06-06 00:00:00.000,93.73,93.53,93.75,76.5,81.60
2011-06-13 00:00:00.000,96.99,93.60,93.77,78.5,80.90
2011-06-20 00:00:00.000,94.19,93.58,93.77,73.7,78.30
2011-06-27 00:00:00.000,95.27,93.63,93.84,78.6,82.50
2011-07-04 00:00:00.000,92.51,93.64,93.84,74.9,80.90
2011-07-11 00:00:00.000,94.88,93.69,93.85,77.1,81.30
2011-07-18 00:00:00.000,93.80,93.69,93.84,77.8,82.90
2011-07-25 00:00:00.000,96.40,93.77,93.85,78.0,80.90
2011-08-01 00:00:00.000,97.10,93.89,93.90,77.6,79.90
2011-08-08 00:00:00.000,96.37,93.95,93.98,81.7,84.80
2011-08-15 00:00:00.000,94.82,93.95,93.98,76.0,80.20
2011-08-22 00:00:00.000,94.00,93.94,93.98,75.7,80.60
2011-08-29 00:00:00.000,94.95,93.99,94.00,79.7,83.90
2011-09-05 00:00:00.000,94.97,94.01,94.00,78.9,83.10
2011-09-12 00:00:00.000,96.28,94.03,94.00,79.0,82.10
2011-09-19 00:00:00.000,92.41,93.99,93.98,76.5,82.80
2011-09-26 00:00:00.000,97.63,94.10,94.00,79.4,81.30
2011-10-03 00:00:00.000,94.95,94.20,94.18,78.3,82.50
2011-10-10 00:00:00.000,96.00,94.24,94.19,82.8,86.30
2011-10-17 00:00:00.000,95.37,94.28,94.26,79.7,83.60
2011-10-24 00:00:00.000,91.45,94.22,94.19,76.9,84.10
2011-10-31 00:00:00.000,84.37,94.06,94.19,68.1,80.70
2011-11-07 00:00:00.000,93.62,94.10,94.19,78.2,83.60
2011-11-14 00:00:00.000,92.62,94.11,94.19,78.6,84.80
2011-11-21 00:00:00.000,92.57,94.11,94.19,77.9,84.20
2011-11-28 00:00:00.000,93.79,94.13,94.19,74.4,79.40
2011-12-01 00:00:00.000,93.53,94.15,94.19,73.6,78.70
2011-12-05 00:00:00.000,93.25,94.14,94.19,80.7,86.60
2011-12-12 00:00:00.000,94.60,94.15,94.26,79.6,84.10
2011-12-19 00:00:00.000,92.21,94.09,94.19,80.2,87.00
2011-12-26 00:00:00.000,92.58,94.06,94.19,78.6,84.90
2012-01-09 00:00:00.000,91.96,94.02,94.00,80.2,87.30
2012-01-16 00:00:00.000,96.23,94.12,94.19,81.5,84.70
2012-01-23 00:00:00.000,95.87,94.18,94.26,80.1,83.60
2012-01-30 00:00:00.000,95.81,94.20,94.26,80.3,83.80
2012-02-06 00:00:00.000,91.78,94.23,94.26,76.1,83.00
2012-02-13 00:00:00.000,94.46,94.24,94.30,76.3,80.70
2012-02-20 00:00:00.000,94.14,94.25,94.30,80.1,85.10
2012-02-27 00:00:00.000,95.16,94.27,94.46,76.9,80.80
2012-03-05 00:00:00.000,90.47,94.21,94.46,74.9,82.80
2012-03-12 00:00:00.000,92.49,94.23,94.46,78.0,84.30
2012-03-19 00:00:00.000,91.87,94.22,94.46,76.2,83.00
2012-03-26 00:00:00.000,93.39,94.19,94.30,78.1,83.60
2012-04-02 00:00:00.000,94.75,94.22,94.46,82.1,86.60
2012-04-09 00:00:00.000,95.10,94.21,94.46,79.8,83.90
2012-04-16 00:00:00.000,94.69,94.20,94.46,77.6,82.00
2012-04-23 00:00:00.000,95.10,94.21,94.60,82.8,87.00
2012-04-30 00:00:00.000,93.78,94.21,94.60,76.0,81.00
2012-05-07 00:00:00.000,96.11,94.23,94.60,81.7,85.00
2012-05-14 00:00:00.000,95.97,94.19,94.60,78.9,82.20
2012-05-21 00:00:00.000,93.99,94.15,94.46,77.0,81.90
2012-05-28 00:00:00.000,94.37,94.15,94.46,78.1,82.70
2012-06-04 00:00:00.000,94.73,94.14,94.46,78.0,82.40
2012-06-11 00:00:00.000,95.34,94.17,94.60,77.6,81.40
2012-06-18 00:00:00.000,91.35,94.06,94.46,76.2,83.40
2012-06-25 00:00:00.000,93.51,94.05,94.46,78.1,83.60
2012-07-02 00:00:00.000,93.83,94.02,94.37,75.9,80.90
2012-07-09 00:00:00.000,94.66,94.06,94.46,78.1,82.50
2012-07-16 00:00:00.000,95.27,94.07,94.46,82.3,86.30
2012-07-23 00:00:00.000,96.19,94.12,94.60,80.1,83.30
2012-07-30 00:00:00.000,96.93,94.13,94.60,81.6,84.20
2012-08-06 00:00:00.000,94.34,94.08,94.46,79.5,84.30
2012-08-13 00:00:00.000,93.44,94.02,94.37,75.9,81.20
2012-08-20 00:00:00.000,95.97,94.04,94.37,82.9,86.40
2012-08-27 00:00:00.000,94.38,94.05,94.38,78.5,83.20
2012-09-03 00:00:00.000,95.97,94.07,94.38,82.1,85.50
2012-09-10 00:00:00.000,96.49,94.10,94.38,81.1,84.00
2012-09-17 00:00:00.000,96.94,94.11,94.38,80.4,82.90
2012-09-24 00:00:00.000,91.06,94.08,94.38,74.0,81.30
2012-10-01 00:00:00.000,93.40,94.00,94.37,81.8,87.60
2012-10-08 00:00:00.000,93.82,93.98,94.34,76.8,81.80
2012-10-15 00:00:00.000,93.07,93.93,94.14,82.4,88.60
2012-10-22 00:00:00.000,95.44,93.93,94.14,80.1,83.90
2012-10-29 00:00:00.000,93.69,93.97,94.14,79.4,84.70
2012-11-05 00:00:00.000,94.08,94.15,94.14,81.1,86.20
2012-11-12 00:00:00.000,93.46,94.15,94.14,78.6,84.10
2012-11-19 00:00:00.000,88.50,94.07,94.14,75.3,85.00
2012-11-26 00:00:00.000,91.74,94.06,94.14,79.7,86.90
2012-12-03 00:00:00.000,90.51,94.00,94.14,75.3,83.20
2012-12-10 00:00:00.000,92.08,93.97,94.14,77.8,84.50
2012-12-17 00:00:00.000,93.44,93.97,94.14,81.2,86.90
2012-12-24 00:00:00.000,93.59,93.95,94.08,78.7,84.00
2013-01-07 00:00:00.000,95.76,94.02,94.14,80.2,83.80
2013-01-14 00:00:00.000,92.28,94.01,94.14,74.5,80.80
2013-01-21 00:00:00.000,94.07,94.05,94.14,79.6,84.60
2013-01-28 00:00:00.000,93.41,94.00,94.08,75.0,80.30
2013-02-04 00:00:00.000,93.41,93.95,94.07,78.1,83.60
2013-02-11 00:00:00.000,91.22,93.87,93.99,74.9,82.10
2013-02-18 00:00:00.000,93.41,93.90,93.99,79.1,84.70
2013-02-22 00:00:00.000,90.99,93.83,93.83,74.2,81.60
2013-03-04 00:00:00.000,95.21,93.85,93.83,80.9,85.00
2013-03-11 00:00:00.000,91.53,93.78,93.82,74.3,81.20
2013-03-18 00:00:00.000,92.49,93.82,93.82,77.1,83.40
2013-03-25 00:00:00.000,95.35,93.88,93.83,80.5,84.40
2013-04-01 00:00:00.000,94.25,93.92,93.99,76.8,81.50
2013-04-08 00:00:00.000,93.93,93.93,93.99,75.0,79.90
2013-04-15 00:00:00.000,92.68,93.89,93.93,79.2,85.40
2013-04-22 00:00:00.000,94.18,93.88,93.93,75.6,80.30
2013-04-29 00:00:00.000,95.16,93.88,93.93,79.0,83.00
2013-05-06 00:00:00.000,97.27,93.93,93.93,78.6,80.80
2013-05-13 00:00:00.000,94.51,93.94,93.99,76.9,81.40
2013-05-20 00:00:00.000,93.59,93.89,93.93,77.6,82.90
2013-05-27 00:00:00.000,94.96,93.87,93.93,78.3,82.50
2013-06-03 00:00:00.000,92.74,93.85,93.83,74.6,80.50
2013-06-10 00:00:00.000,94.66,93.85,93.83,76.2,80.50
2013-06-17 00:00:00.000,94.77,93.86,93.83,79.4,83.80
2013-06-24 00:00:00.000,93.69,93.82,93.82,73.9,78.90
2013-07-01 00:00:00.000,93.53,93.87,93.82,79.8,85.30
2013-07-08 00:00:00.000,95.11,93.90,93.83,78.7,82.80
2013-07-15 00:00:00.000,94.25,93.90,93.93,75.2,79.80
2013-07-22 00:00:00.000,95.44,93.92,93.93,82.0,85.90
2013-07-29 00:00:00.000,96.05,93.93,93.93,79.1,82.40
2013-08-05 00:00:00.000,94.56,93.90,93.93,76.9,81.30
2013-08-12 00:00:00.000,95.10,93.87,93.93,82.2,86.40
2013-08-19 00:00:00.000,95.96,93.90,93.93,77.8,81.10
2013-08-26 00:00:00.000,89.86,93.83,93.93,77.0,85.70
2013-09-02 00:00:00.000,91.74,93.75,93.82,76.0,82.80
2013-09-09 00:00:00.000,97.44,93.81,93.82,79.9,82.00
2013-09-16 00:00:00.000,88.70,93.67,93.69,75.1,84.70
2013-09-23 00:00:00.000,93.65,93.62,93.69,77.9,83.20
2013-09-30 00:00:00.000,93.74,93.56,93.69,76.6,81.70
2013-10-07 00:00:00.000,93.66,93.61,93.69,77.2,82.40
2013-10-14 00:00:00.000,95.69,93.65,93.69,81.7,85.40
2013-10-21 00:00:00.000,95.07,93.67,93.69,77.5,81.50
2013-10-28 00:00:00.000,93.98,93.69,93.74,80.7,85.90
2013-11-04 00:00:00.000,93.66,93.66,93.69,77.4,82.60
2013-11-11 00:00:00.000,95.75,93.70,93.74,80.4,83.90
2013-11-18 00:00:00.000,95.17,93.72,93.74,79.2,83.20
2013-11-25 00:00:00.000,95.65,93.76,93.93,77.5,81.10
2013-12-02 00:00:00.000,94.38,93.87,93.98,76.7,81.20
2013-12-09 00:00:00.000,96.35,93.96,94.07,82.7,85.80
2013-12-16 00:00:00.000,92.30,93.99,94.07,74.4,80.60
2013-12-23 00:00:00.000,92.66,94.00,94.07,75.9,82.00
2014-01-06 00:00:00.000,94.57,94.02,94.18,74.4,78.70
2014-01-13 00:00:00.000,92.17,93.99,94.18,74.6,80.90
2014-01-20 00:00:00.000,92.81,93.94,94.07,75.2,81.00
2014-01-27 00:00:00.000,94.09,93.97,94.09,75.0,79.70
2014-02-03 00:00:00.000,93.31,93.96,94.09,76.9,82.40
2014-02-10 00:00:00.000,95.38,94.00,94.18,76.7,80.40
2014-02-17 00:00:00.000,95.10,94.03,94.25,74.7,78.50
2014-02-24 00:00:00.000,93.76,94.08,94.25,77.9,83.10
2014-03-03 00:00:00.000,95.29,94.11,94.25,76.4,80.20
2014-03-10 00:00:00.000,94.10,94.17,94.25,72.6,77.10
2014-03-17 00:00:00.000,95.57,94.18,94.25,78.8,82.50
2014-03-24 00:00:00.000,94.82,94.24,94.38,75.9,80.10
2014-03-31 00:00:00.000,96.99,94.32,94.51,74.9,77.20
2014-04-07 00:00:00.000,93.30,94.28,94.38,78.0,83.60
2014-04-14 00:00:00.000,92.79,94.26,94.38,73.2,78.90
2014-04-21 00:00:00.000,95.64,94.29,94.51,73.2,76.50
2014-04-28 00:00:00.000,97.28,94.38,94.56,82.3,84.60
2014-05-05 00:00:00.000,95.73,94.41,94.57,75.9,79.20
2014-05-12 00:00:00.000,95.22,94.41,94.57,78.9,82.80
2014-05-19 00:00:00.000,95.40,94.37,94.57,71.4,74.90
2014-05-26 00:00:00.000,95.83,94.40,94.66,76.4,79.70
2014-06-02 00:00:00.000,93.86,94.40,94.66,78.1,83.30
2014-06-09 00:00:00.000,94.15,94.39,94.57,75.9,80.70
2014-06-16 00:00:00.000,95.29,94.43,94.66,74.3,78.00
2014-06-23 00:00:00.000,91.59,94.38,94.57,74.5,81.40
2014-06-30 00:00:00.000,94.25,94.37,94.56,73.6,78.10
2014-07-07 00:00:00.000,94.12,94.37,94.56,73.4,78.00
2014-07-14 00:00:00.000,96.05,94.42,94.57,78.6,81.80
2014-07-21 00:00:00.000,93.60,94.39,94.56,72.8,77.80
2014-07-28 00:00:00.000,95.05,94.41,94.57,73.1,76.90
2014-08-04 00:00:00.000,95.29,94.41,94.57,79.0,82.90
2014-08-11 00:00:00.000,95.79,94.40,94.57,73.9,77.20
2014-08-18 00:00:00.000,96.01,94.43,94.82,76.4,79.60
2014-09-01 00:00:00.000,94.24,94.41,94.57,74.8,79.40
2014-09-15 00:00:00.000,89.64,94.29,94.38,69.7,77.70
2014-09-22 00:00:00.000,94.73,94.38,94.57,76.3,80.60
2014-10-06 00:00:00.000,96.30,94.47,94.73,75.5,78.40
2014-10-20 00:00:00.000,95.67,94.44,94.73,76.5,80.00
2014-11-03 00:00:00.000,96.35,94.58,94.82,77.2,80.10
2014-11-17 00:00:00.000,94.34,94.59,94.82,75.3,79.90
2014-12-01 00:00:00.000,94.93,94.62,94.93,75.2,79.20
2014-12-15 00:00:00.000,93.93,94.62,94.93,74.3,79.10
2014-12-29 00:00:00.000,94.99,94.61,94.93,74.4,78.30
2015-01-12 00:00:00.000,94.21,94.59,94.82,73.0,77.40
2015-01-26 00:00:00.000,94.33,94.60,94.82,74.9,79.40
2015-02-09 00:00:00.000,94.12,94.61,94.82,73.7,78.30
2015-02-23 00:00:00.000,91.81,94.53,94.73,72.9,79.40
2015-03-09 00:00:00.000,95.47,94.54,94.73,74.5,78.10
2015-03-23 00:00:00.000,94.29,94.51,94.57,75.1,79.60
2015-04-06 00:00:00.000,94.55,94.52,94.57,76.4,80.80
2015-04-20 00:00:00.000,96.50,94.52,94.57,75.1,77.80
2015-05-04 00:00:00.000,95.65,94.58,94.73,75.2,78.70
2015-05-18 00:00:00.000,95.79,94.64,94.82,74.2,77.50
2015-06-01 00:00:00.000,95.28,94.66,94.93,72.8,76.40
2015-06-15 00:00:00.000,94.53,94.70,94.93,73.5,77.70
2015-06-29 00:00:00.000,91.60,94.68,94.93,70.4,76.90
2015-07-13 00:00:00.000,94.22,94.68,94.93,72.9,77.40
2015-07-27 00:00:00.000,94.04,94.69,94.93,72.2,76.70
2015-08-10 00:00:00.000,95.41,94.69,94.93,74.4,78.00
2015-08-24 00:00:00.000,95.26,94.70,94.93,73.6,77.20
2015-09-07 00:00:00.000,95.46,94.73,94.99,73.1,76.60
2015-09-21 00:00:00.000,92.40,94.67,94.93,74.2,80.30
2015-10-05 00:00:00.000,93.15,94.66,94.93,74.1,79.60
2015-10-19 00:00:00.000,94.51,94.64,94.82,72.8,77.00
2015-11-02 00:00:00.000,91.93,94.58,94.73,72.3,78.60
2015-11-16 00:00:00.000,90.68,94.46,94.55,69.9,77.10
2015-11-30 00:00:00.000,89.12,94.38,94.55,66.9,75.00
2015-12-14 00:00:00.000,96.45,94.45,94.73,71.8,74.50
2015-12-28 00:00:00.000,91.81,94.38,94.55,68.9,75.10
2016-01-16 00:00:00.000,92.41,94.29,94.53,69.8,75.50
2016-01-25 00:00:00.000,92.50,94.23,94.51,71.9,77.70
2016-02-08 00:00:00.000,93.00,94.19,94.34,73.9,79.50
2016-02-22 00:00:00.000,93.95,94.16,94.33,74.2,78.90
2016-03-07 00:00:00.000,91.00,94.07,94.29,68.9,75.70
2016-03-21 00:00:00.000,93.94,94.07,94.29,73.7,78.40
2016-04-04 00:00:00.000,90.83,94.01,94.29,70.2,77.20
2016-04-18 00:00:00.000,92.28,93.95,94.25,68.8,74.60
2016-05-02 00:00:00.000,91.69,93.95,94.25,74.8,81.60
2016-05-09 00:00:00.000,88.95,93.85,94.24,62.1,69.80
2016-05-16 00:00:00.000,91.92,93.81,94.24,73.8,80.20
2016-05-23 00:00:00.000,92.72,93.75,94.22,71.4,77.00
2016-05-30 00:00:00.000,90.26,93.68,94.22,66.5,73.70
2016-06-06 00:00:00.000,94.84,93.68,94.22,75.5,79.60
2016-06-13 00:00:00.000,93.49,93.65,94.21,71.7,76.60
2016-06-20 00:00:00.000,92.13,93.58,94.12,68.0,73.80
2016-06-27 00:00:00.000,91.08,93.48,94.04,73.9,81.10
2016-07-04 00:00:00.000,93.94,93.48,93.95,72.5,77.20
2016-07-11 00:00:00.000,95.27,93.59,94.04,70.9,74.50
2016-07-18 00:00:00.000,94.94,93.59,94.04,77.5,81.70
2016-07-25 00:00:00.000,91.29,93.49,93.95,67.9,74.40
2016-08-01 00:00:00.000,95.36,93.49,93.95,75.7,79.40
2016-08-08 00:00:00.000,92.98,93.43,93.94,72.0,77.40
2016-08-15 00:00:00.000,93.66,93.41,93.94,68.1,72.70
2016-08-22 00:00:00.000,95.54,93.42,93.94,76.1,79.70
2016-08-29 00:00:00.000,94.37,93.43,93.94,74.0,78.40
2016-09-05 00:00:00.000,91.07,93.36,93.94,67.5,74.10
2016-09-12 00:00:00.000,94.76,93.37,93.94,76.6,80.90
2016-09-19 00:00:00.000,89.48,93.28,93.66,69.0,77.10
2016-09-26 00:00:00.000,90.40,93.21,93.49,67.7,74.90
2016-10-03 00:00:00.000,90.03,93.17,93.49,73.1,81.20
2016-10-10 00:00:00.000,94.82,93.16,93.49,68.7,72.50
2016-10-15 00:00:00.000,92.90,93.13,93.15,71.8,77.30
2016-10-24 00:00:00.000,93.21,93.11,93.15,75.3,80.80
2016-10-31 00:00:00.000,92.38,93.03,93.00,70.4,76.20
2016-11-07 00:00:00.000,93.86,93.00,93.00,68.1,72.60
2016-11-14 00:00:00.000,92.07,92.93,92.98,66.9,72.70
2016-11-21 00:00:00.000,88.89,92.81,92.90,64.4,72.50
2016-11-28 00:00:00.000,94.50,92.81,92.90,72.4,76.60
2016-12-05 00:00:00.000,94.45,92.86,92.98,69.1,73.10
2016-12-12 00:00:00.000,91.98,92.82,92.90,68.2,74.10
2016-12-19 00:00:00.000,94.44,92.83,92.90,72.6,76.90
2016-12-26 00:00:00.000,92.76,92.78,92.76,68.8,74.10
2017-01-09 00:00:00.000,93.06,92.73,92.76,71.0,76.30
2017-01-16 00:00:00.000,95.78,92.74,92.76,71.4,74.50
2017-01-23 00:00:00.000,93.04,92.75,92.90,68.4,73.60
2017-01-30 00:00:00.000,93.84,92.77,92.90,75.9,80.80
2017-02-06 00:00:00.000,91.91,92.72,92.76,69.0,75.00
2017-02-13 00:00:00.000,91.97,92.72,92.76,70.4,76.60
2017-02-20 00:00:00.000,93.59,92.77,92.90,76.9,82.10
2017-02-27 00:00:00.000,92.24,92.83,92.90,69.8,75.60
2017-03-06 00:00:00.000,90.15,92.71,92.76,67.6,75.00
2017-03-13 00:00:00.000,91.03,92.70,92.76,72.6,79.70
2017-03-20 00:00:00.000,91.70,92.68,92.76,69.4,75.70
2017-03-27 00:00:00.000,89.97,92.64,92.76,69.5,77.30
2017-04-03 00:00:00.000,89.30,92.57,92.72,67.8,75.90
2017-04-10 00:00:00.000,93.38,92.56,92.72,69.6,74.60
2017-04-17 00:00:00.000,90.08,92.54,92.72,70.3,78.10
2017-04-24 00:00:00.000,93.75,92.53,92.72,70.5,75.20
2017-05-01 00:00:00.000,93.99,92.59,92.76,68.1,72.40
2017-05-08 00:00:00.000,92.34,92.60,92.76,70.8,76.60
2017-05-15 00:00:00.000,93.11,92.62,92.90,69.7,74.80
2017-05-22 00:00:00.000,92.46,92.69,92.90,67.0,72.50
2017-05-29 00:00:00.000,93.20,92.71,92.98,74.7,80.10
2017-06-05 00:00:00.000,93.30,92.72,93.04,70.4,75.50
2017-06-12 00:00:00.000,93.00,92.78,93.04,68.4,73.50
2017-06-19 00:00:00.000,91.50,92.71,93.00,73.6,80.40
2017-06-26 00:00:00.000,95.80,92.76,93.00,72.4,75.60
2017-07-03 00:00:00.000,94.20,92.79,93.04,68.7,72.90
2017-07-10 00:00:00.000,92.50,92.82,93.04,74.7,80.70
2017-07-17 00:00:00.000,94.40,92.83,93.04,70.6,74.70
2017-07-24 00:00:00.000,93.60,92.80,93.04,69.8,74.60
2017-07-31 00:00:00.000,93.20,92.77,93.04,74.6,80.00
2017-08-07 00:00:00.000,91.70,92.77,93.04,68.1,74.30
2017-08-14 00:00:00.000,91.10,92.69,93.00,72.5,79.60
2017-08-21 00:00:00.000,92.80,92.69,93.00,72.8,78.50
2017-08-28 00:00:00.000,93.80,92.69,93.00,68.3,72.80
2017-09-04 00:00:00.000,92.00,92.63,92.90,75.4,82.00
2017-09-11 00:00:00.000,86.30,92.47,92.80,70.7,81.90
2017-09-18 00:00:00.000,94.90,92.55,92.90,68.5,72.20
2017-09-25 00:00:00.000,90.10,92.46,92.80,73.2,81.20
2017-10-02 00:00:00.000,94.50,92.55,92.90,70.2,74.30
2017-10-09 00:00:00.000,92.80,92.60,92.90,73.3,79.00
2017-10-16 00:00:00.000,93.80,92.67,93.00,71.8,76.60
2017-10-23 00:00:00.000,91.00,92.60,92.90,66.1,72.60
2017-10-30 00:00:00.000,92.90,92.60,92.90,68.2,73.50
2017-11-06 00:00:00.000,91.00,92.56,92.80,71.6,78.70
2017-11-13 00:00:00.000,88.60,92.48,92.80,63.8,72.00
2017-11-20 00:00:00.000,93.10,92.47,92.80,73.1,78.50
2017-11-27 00:00:00.000,91.80,92.46,92.80,68.4,74.50
2017-12-04 00:00:00.000,91.80,92.52,92.80,66.7,72.60
2017-12-11 00:00:00.000,93.10,92.49,92.80,66.5,71.50
2017-12-18 00:00:00.000,91.20,92.43,92.80,73.1,80.20
2017-12-25 00:00:00.000,89.70,92.39,92.80,68.6,76.50
2018-01-08 00:00:00.000,90.80,92.32,92.76,69.0,76.00
2018-01-15 00:00:00.000,90.60,92.28,92.50,68.9,76.10
2018-01-22 00:00:00.000,93.00,92.28,92.50,74.0,79.50
2018-01-29 00:00:00.000,93.40,92.23,92.50,70.9,75.90
2018-02-05 00:00:00.000,89.10,92.16,92.46,68.8,77.20
2018-02-12 00:00:00.000,91.00,92.11,92.34,73.9,81.20
2018-02-19 00:00:00.000,89.70,92.06,92.34,68.2,75.90
2018-02-26 00:00:00.000,89.10,92.01,92.34,66.6,74.70
2018-03-05 00:00:00.000,89.40,91.93,92.24,71.4,79.90
2018-03-12 00:00:00.000,93.20,91.95,92.34,70.5,75.70
2018-03-19 00:00:00.000,92.70,92.00,92.46,68.3,73.70
2018-03-26 00:00:00.000,90.70,91.99,92.46,73.6,81.10
2018-04-02 00:00:00.000,90.10,91.96,92.46,68.0,75.40
2018-04-09 00:00:00.000,88.60,91.93,92.46,64.8,73.10
2018-04-16 00:00:00.000,91.20,91.97,92.46,73.0,80.00
2018-04-23 00:00:00.000,91.60,91.94,92.34,66.9,73.10
2018-04-30 00:00:00.000,90.00,91.93,92.34,70.0,77.80
2018-05-07 00:00:00.000,91.00,91.88,92.00,68.4,75.20
2018-05-14 00:00:00.000,89.10,91.79,91.80,66.3,74.40
2018-05-21 00:00:00.000,90.50,91.76,91.80,72.6,80.30
2018-05-28 00:00:00.000,93.00,91.75,91.80,70.1,75.40
2018-06-04 00:00:00.000,92.50,91.75,91.80,68.9,74.50
2018-06-11 00:00:00.000,90.80,91.71,91.70,73.5,80.90
2018-06-18 00:00:00.000,92.70,91.70,91.70,70.1,75.60
2018-06-25 00:00:00.000,93.00,91.70,91.70,73.4,79.00
2018-07-02 00:00:00.000,91.80,91.70,91.80,70.6,76.90
2018-07-09 00:00:00.000,93.50,91.66,91.80,71.3,76.30
2018-07-16 00:00:00.000,92.30,91.62,91.80,71.9,78.00
2018-07-23 00:00:00.000,92.30,91.62,91.80,71.2,77.10
2018-07-30 00:00:00.000,92.80,91.59,91.80,69.5,74.90
2018-08-02 00:00:00.000,92.50,91.57,91.80,76.3,82.50
2018-08-06 00:00:00.000,93.20,91.57,91.80,75.0,80.50
2018-08-07 00:00:00.000,92.50,91.58,91.80,73.6,79.50
2018-08-13 00:00:00.000,94.30,91.65,91.80,73.8,78.20
2018-08-20 00:00:00.000,93.60,91.66,91.80,68.6,73.30
2018-08-27 00:00:00.000,91.80,91.62,91.80,74.6,81.30
2018-09-03 00:00:00.000,88.20,91.55,91.80,65.7,74.50
2018-09-10 00:00:00.000,92.70,91.67,91.80,67.6,72.90
2018-09-17 00:00:00.000,91.00,91.60,91.80,74.3,81.60
2018-09-24 00:00:00.000,89.00,91.58,91.80,67.3,75.60
2018-10-01 00:00:00.000,91.20,91.52,91.80,72.5,79.40
2018-10-08 00:00:00.000,90.80,91.48,91.60,70.0,77.10
2018-10-21 00:00:00.000,68.60,91.00,91.20,48.4,70.60
2018-10-24 00:00:00.000,74.30,90.69,91.20,59.8,80.60
2018-10-29 00:00:00.000,93.80,90.70,91.20,66.8,71.30
2018-11-05 00:00:00.000,78.70,90.47,91.20,62.4,79.20
2018-11-12 00:00:00.000,88.50,90.47,91.20,65.4,73.90
2018-11-19 00:00:00.000,90.90,90.43,91.20,70.4,77.50
2018-11-26 00:00:00.000,84.00,90.28,91.20,61.3,72.90
2018-12-03 00:00:00.000,89.60,90.24,91.00,69.7,77.80
2018-12-17 00:00:00.000,84.20,90.07,91.00,64.0,76.00
2018-12-24 00:00:00.000,86.90,89.99,91.00,69.0,79.40
2019-01-04 00:00:00.000,87.90,89.96,91.00,67.6,76.80
2019-01-14 00:00:00.000,88.50,89.91,91.00,72.4,81.80
2019-01-21 00:00:00.000,93.10,89.96,91.00,72.1,77.50
2019-01-28 00:00:00.000,91.20,89.93,91.00,70.2,77.00
2019-02-04 00:00:00.000,86.40,89.79,91.00,71.1,82.40
2019-02-11 00:00:00.000,89.90,89.81,91.00,68.9,76.60
2019-02-18 00:00:00.000,90.40,89.80,90.90,72.5,80.20
2019-02-25 00:00:00.000,88.90,89.78,90.90,69.5,78.20
2019-03-04 00:00:00.000,90.20,89.80,90.90,68.1,75.60
2019-03-11 00:00:00.000,92.60,89.86,91.00,74.2,80.20
2019-03-18 00:00:00.000,92.20,89.85,91.00,71.7,77.70
2019-03-25 00:00:00.000,89.80,89.79,90.90,69.9,77.90
2019-04-01 00:00:00.000,90.70,89.79,90.90,67.6,74.50
2019-04-08 00:00:00.000,88.80,89.77,90.90,71.8,80.80
2019-04-15 00:00:00.000,90.00,89.79,90.90,65.5,72.80
2019-04-18 00:00:00.000,88.90,89.75,90.80,66.6,74.90
2019-04-22 00:00:00.000,93.00,89.78,90.80,75.2,80.90
2019-04-29 00:00:00.000,88.50,89.75,90.80,67.9,76.70
2019-05-06 00:00:00.000,90.70,89.74,90.80,67.8,74.80
2019-05-13 00:00:00.000,92.00,89.80,90.80,74.8,81.30
2019-05-20 00:00:00.000,92.70,89.84,90.90,71.4,77.00
2019-05-27 00:00:00.000,91.10,89.80,90.90,68.3,75.00
2019-06-03 00:00:00.000,91.20,89.78,90.90,74.6,81.80
2019-06-10 00:00:00.000,92.50,89.81,91.00,70.0,75.60
2019-06-17 00:00:00.000,92.30,89.80,91.00,74.1,80.30
2019-06-24 00:00:00.000,92.90,89.80,91.00,72.9,78.40
2019-07-01 00:00:00.000,88.30,89.73,90.90,68.8,77.90
2019-07-08 00:00:00.000,94.30,89.75,90.90,77.4,82.10
2019-07-15 00:00:00.000,93.60,89.77,90.90,74.0,79.10
2019-07-22 00:00:00.000,91.20,89.75,90.90,70.0,76.70
2019-07-29 00:00:00.000,93.30,89.76,90.90,76.4,81.90
2019-08-05 00:00:00.000,95.50,89.82,90.90,73.6,77.10
2019-08-12 00:00:00.000,90.80,89.77,90.80,70.1,77.10
2019-08-19 00:00:00.000,91.30,89.75,90.80,76.2,83.40
2019-08-26 00:00:00.000,93.20,89.73,90.80,72.2,77.40
2019-09-02 00:00:00.000,90.70,89.68,90.80,70.1,77.30
2019-09-09 00:00:00.000,92.10,89.68,90.80,71.5,77.60
2019-09-16 00:00:00.000,93.00,89.77,90.80,76.3,82.00
2019-09-23 00:00:00.000,92.20,89.76,90.80,73.6,79.90
2019-09-30 00:00:00.000,94.00,89.82,90.80,73.7,78.40
2019-10-07 00:00:00.000,93.40,89.90,90.90,71.4,76.40
2019-10-14 00:00:00.000,92.20,89.92,90.90,73.0,79.20
2019-10-21 00:00:00.000,93.10,89.96,91.10,72.5,77.90
2019-10-28 00:00:00.000,92.60,90.42,91.20,69.3,74.80
2019-11-04 00:00:00.000,91.60,90.74,91.20,73.3,80.00
2019-11-11 00:00:00.000,92.70,90.72,91.20,72.2,77.90
2019-11-18 00:00:00.000,90.50,90.95,91.20,69.2,76.50
2019-11-25 00:00:00.000,92.60,91.02,91.20,74.6,80.60
2019-12-02 00:00:00.000,91.30,91.03,91.30,73.0,80.00
2019-12-09 00:00:00.000,91.70,91.18,91.30,70.4,76.80
2019-12-16 00:00:00.000,87.80,91.14,91.30,68.8,78.30
2019-12-23 00:00:00.000,90.50,91.26,91.30,74.7,82.50
2020-01-06 00:00:00.000,92.20,91.36,91.60,72.7,78.90
2020-01-13 00:00:00.000,90.80,91.42,91.60,72.1,79.40
2020-01-20 00:00:00.000,88.40,91.41,91.60,69.9,79.00
2020-01-27 00:00:00.000,93.50,91.42,91.60,77.9,83.30
2020-02-03 00:00:00.000,89.50,91.39,91.60,70.3,78.60
2020-02-10 00:00:00.000,88.50,91.43,91.60,72.0,81.30
2020-02-17 00:00:00.000,91.10,91.45,91.60,72.8,79.90
2020-02-24 00:00:00.000,90.30,91.45,91.60,73.6,81.50
2020-03-02 00:00:00.000,89.60,91.46,91.60,71.7,80.00
2020-03-09 00:00:00.000,93.40,91.52,91.70,74.4,79.60
2020-03-16 00:00:00.000,91.50,91.50,91.60,70.8,77.40
2020-03-23 00:00:00.000,89.60,91.45,91.50,73.0,81.50
2020-03-30 00:00:00.000,91.90,91.49,91.60,72.8,79.30
2020-04-06 00:00:00.000,87.70,91.44,91.60,66.9,76.30
2020-04-13 00:00:00.000,87.90,91.42,91.60,71.1,80.90
2020-04-20 00:00:00.000,94.20,91.50,91.70,75.3,79.90
2020-04-27 00:00:00.000,86.60,91.45,91.70,66.8,77.20
2020-05-04 00:00:00.000,91.70,91.43,91.70,76.4,83.30
2020-05-11 00:00:00.000,92.50,91.51,91.70,74.4,80.40
2020-05-18 00:00:00.000,90.70,91.51,91.70,69.4,76.50
2020-05-25 00:00:00.000,59.60,90.89,91.70,49.6,55.50
2020-05-28 00:00:00.000,88.00,90.81,91.60,73.7,83.70
2020-06-01 00:00:00.000,93.70,90.85,91.70,72.8,77.60
2020-06-08 00:00:00.000,90.30,90.84,91.70,74.0,81.90
2020-06-15 00:00:00.000,89.20,90.78,91.60,72.4,81.10
2020-06-22 00:00:00.000,92.20,90.77,91.60,74.5,80.70
2020-06-29 00:00:00.000,85.00,90.62,91.50,70.4,82.70
2020-07-06 00:00:00.000,82.80,90.52,91.50,68.4,82.50
2020-07-13 00:00:00.000,92.90,90.49,91.50,72.4,78.00
2020-07-20 00:00:00.000,91.40,90.45,91.40,77.4,84.70
2020-07-27 00:00:00.000,93.10,90.49,91.50,74.2,79.70
2020-08-10 00:00:00.000,87.10,90.37,91.40,74.4,85.40
2020-08-17 00:00:00.000,92.00,90.31,91.40,75.0,81.50
2020-08-24 00:00:00.000,93.10,90.35,91.50,73.1,78.50
2020-08-31 00:00:00.000,0.00,88.63,91.50,0.0,0.00
2020-09-12 00:00:00.000,92.60,88.62,91.50,69.8,75.40
2020-09-21 00:00:00.000,89.00,88.58,91.50,67.7,76.00
2020-09-28 00:00:00.000,90.80,88.56,91.40,69.8,76.90
2020-10-05 00:00:00.000,92.60,88.55,91.40,76.7,82.70
2020-10-09 00:00:00.000,88.10,88.47,91.30,84.1,95.50
2020-10-12 00:00:00.000,89.40,88.39,91.10,70.7,79.10
2020-10-13 00:00:00.000,80.00,88.13,90.80,63.4,79.30
2020-10-19 00:00:00.000,91.70,88.12,90.80,70.0,76.30
2020-10-21 00:00:00.000,85.70,87.98,90.80,61.2,71.40
2020-10-26 00:00:00.000,90.30,87.94,90.70,75.6,83.70
2020-11-02 00:00:00.000,86.10,87.84,90.50,69.1,80.30
2020-11-09 00:00:00.000,89.80,87.78,90.50,69.9,77.80
2020-11-16 00:00:00.000,89.70,87.77,90.30,74.6,83.20
2020-11-23 00:00:00.000,85.30,87.63,90.30,69.5,81.40
2020-11-30 00:00:00.000,88.10,87.57,90.30,71.1,80.70
2020-12-07 00:00:00.000,90.10,87.54,90.10,74.7,82.90
2020-12-14 00:00:00.000,86.90,87.52,90.10,70.7,81.40
2020-12-21 00:00:00.000,91.10,87.53,90.10,71.8,78.80
2020-12-28 00:00:00.000,87.20,87.44,89.80,71.0,81.40
2021-01-11 00:00:00.000,83.00,87.29,89.70,69.9,84.20
2021-01-18 00:00:00.000,89.80,87.32,89.80,73.2,81.50
2021-01-25 00:00:00.000,81.80,87.10,89.70,64.9,79.30
2021-02-01 00:00:00.000,86.40,87.04,89.70,68.8,79.60
2021-02-08 00:00:00.000,89.00,87.05,89.70,76.0,85.40
2021-02-15 00:00:00.000,90.80,87.04,89.70,72.5,79.90
2021-02-17 00:00:00.000,82.80,86.90,89.60,67.3,81.30
2021-02-22 00:00:00.000,85.60,86.83,89.60,68.2,79.70
2021-03-01 00:00:00.000,86.40,86.69,89.40,73.8,85.30
2021-03-08 00:00:00.000,89.70,86.66,89.40,71.9,80.10
2021-03-09 00:00:00.000,84.70,86.57,89.20,71.0,83.90
2021-03-15 00:00:00.000,88.00,86.49,89.00,72.1,81.90
2021-03-22 00:00:00.000,91.90,86.57,89.20,72.9,79.40
2021-03-29 00:00:00.000,87.50,86.57,89.20,67.1,76.60
2021-04-05 00:00:00.000,88.00,86.45,89.00,74.5,84.60
2021-04-12 00:00:00.000,83.40,86.39,89.00,67.1,80.50
2021-04-26 00:00:00.000,85.10,86.26,89.00,71.8,84.30
2021-04-19 00:00:00.000,91.00,86.24,89.00,74.4,81.70
2021-05-03 00:00:00.000,90.30,86.23,89.00,73.0,80.80
2021-05-05 00:00:00.000,88.00,86.76,89.00,71.1,80.80
2021-05-10 00:00:00.000,90.30,86.81,89.00,71.0,78.60
2021-05-17 00:00:00.000,85.30,86.65,89.00,72.7,85.30
2021-05-24 00:00:00.000,92.00,86.68,89.00,73.2,79.50
2021-05-31 00:00:00.000,92.60,86.75,89.00,75.1,81.10
2021-06-07 00:00:00.000,89.00,86.68,89.00,77.8,87.40
2021-06-14 00:00:00.000,85.20,86.69,89.00,69.6,81.80
2021-06-21 00:00:00.000,87.70,86.78,89.00,71.7,81.70
2021-06-28 00:00:00.000,90.50,86.74,89.00,79.0,87.30
2021-07-05 00:00:00.000,89.50,86.70,89.00,72.9,81.50
2021-07-08 00:00:00.000,90.60,86.65,89.00,72.2,79.70
2021-07-12 00:00:00.000,89.90,86.71,89.00,78.6,87.40
2021-07-19 00:00:00.000,92.20,86.71,89.00,78.4,85.00
2021-07-26 00:00:00.000,91.90,86.69,89.00,75.9,82.60
2021-07-29 00:00:00.000,84.40,88.28,89.00,65.5,77.60
2021-08-02 00:00:00.000,91.70,88.26,89.00,81.9,89.30
2021-08-09 00:00:00.000,88.60,88.25,89.00,73.0,82.40
2021-08-16 00:00:00.000,90.00,88.24,89.00,71.6,79.60
2021-08-23 00:00:00.000,92.00,88.23,89.00,79.1,86.00
2021-08-30 00:00:00.000,87.70,88.22,89.00,70.5,80.40
2021-09-02 00:00:00.000,88.60,88.21,88.60,75.2,84.90
2021-09-06 00:00:00.000,85.10,88.30,88.60,67.4,79.20
2021-09-13 00:00:00.000,91.80,88.30,88.60,78.7,85.80
2021-09-20 00:00:00.000,91.00,88.40,89.00,71.7,78.70
2021-09-20 00:00:00.000,85.60,88.32,88.60,71.7,83.80
2021-09-27 00:00:00.000,91.10,88.41,89.00,76.8,84.40
2021-10-04 00:00:00.000,81.00,88.24,88.60,65.6,81.00
2021-10-11 00:00:00.000,87.30,88.20,88.60,67.8,77.70
2021-10-15 00:00:00.000,77.10,88.04,88.60,65.2,84.60
2021-10-18 00:00:00.000,92.10,88.12,88.60,77.2,83.80
2021-10-25 00:00:00.000,92.10,88.16,88.60,74.8,81.20
2021-10-25 00:00:00.000,90.10,88.22,89.00,77.3,85.80
2021-10-28 00:00:00.000,90.50,88.21,89.00,75.5,83.50
2021-10-30 00:00:00.000,85.50,88.17,89.00,70.8,82.80
2021-11-08 00:00:00.000,88.70,88.28,89.00,72.5,81.80
2021-11-15 00:00:00.000,90.60,88.30,89.00,74.9,82.70
2021-11-22 00:00:00.000,89.30,88.44,89.00,71.0,79.60
2021-11-29 00:00:00.000,89.70,88.50,89.30,74.3,82.90
2021-12-06 00:00:00.000,89.20,88.50,89.30,73.7,82.60
2021-12-13 00:00:00.000,89.30,88.48,89.30,70.5,79.00
2021-12-20 00:00:00.000,84.50,88.51,89.30,71.2,84.30
2021-12-27 00:00:00.000,84.10,88.48,89.30,68.8,81.80
2021-12-30 00:00:00.000,83.50,88.42,89.30,70.0,83.80
2022-01-10 00:00:00.000,89.40,88.42,89.30,73.3,82.10
2022-01-17 00:00:00.000,86.50,88.45,89.30,70.9,81.90
2022-01-18 00:00:00.000,78.10,88.27,89.30,66.0,84.50
2022-01-24 00:00:00.000,84.40,88.12,89.20,70.8,83.90
2022-01-31 00:00:00.000,86.90,88.11,89.20,72.4,83.30
2022-02-07 00:00:00.000,87.30,88.10,89.20,72.1,82.60
2022-02-14 00:00:00.000,87.70,88.18,89.20,73.5,83.90
2022-02-21 00:00:00.000,85.30,88.18,89.20,70.4,82.60
2022-02-28 00:00:00.000,85.80,88.09,89.00,69.8,81.30
2022-03-07 00:00:00.000,82.00,87.93,88.70,67.7,82.50
2022-03-11 00:00:00.000,77.70,87.74,88.70,71.8,92.40
2022-03-14 00:00:00.000,88.00,87.69,88.60,70.9,80.50
2022-03-21 00:00:00.000,89.80,87.78,88.70,71.1,79.20
2022-03-28 00:00:00.000,86.50,87.67,88.60,72.8,84.10
2022-04-03 00:00:00.000,71.10,87.27,88.60,63.1,88.70
2022-04-11 00:00:00.000,87.20,87.23,88.00,71.2,81.60
2022-04-18 00:00:00.000,87.70,87.28,88.00,73.9,84.30
2022-04-25 00:00:00.000,84.10,87.21,88.00,68.1,81.00
2022-05-02 00:00:00.000,89.00,87.18,88.00,74.4,83.60
2022-05-09 00:00:00.000,86.90,87.14,87.70,71.8,82.70
2022-05-16 00:00:00.000,87.00,87.07,87.70,72.3,83.00
2022-05-23 00:00:00.000,86.20,87.00,87.70,69.9,81.10
2022-05-30 00:00:00.000,86.90,86.90,87.30,75.3,86.60
2022-06-06 00:00:00.000,90.90,86.88,87.30,75.9,83.50
2022-06-13 00:00:00.000,89.70,86.98,87.70,75.3,84.00
2022-06-20 00:00:00.000,88.20,86.91,87.70,79.2,89.80
2022-06-27 00:00:00.000,86.50,86.87,87.30,73.4,84.90
2022-07-04 00:00:00.000,89.20,86.86,87.30,79.7,89.30
2022-07-11 00:00:00.000,89.80,86.82,87.30,78.2,87.00
2022-07-18 00:00:00.000,87.90,86.82,87.30,74.1,84.20
2022-07-25 00:00:00.000,91.20,86.87,87.30,81.1,88.90
2022-08-01 00:00:00.000,87.80,86.92,87.70,73.0,83.20
2022-08-08 00:00:00.000,75.60,86.62,87.30,60.5,80.00
2022-08-13 00:00:00.000,85.70,86.52,87.30,71.6,83.50
2022-08-22 00:00:00.000,90.70,86.61,87.30,73.6,81.20
2022-08-21 00:00:00.000,89.70,86.58,87.30,72.9,81.20
2022-08-23 00:00:00.000,87.20,86.70,87.30,73.3,84.10
2022-08-29 00:00:00.000,85.40,86.67,87.30,69.3,81.10
2022-09-05 00:00:00.000,88.60,86.88,87.70,76.6,86.50
2022-09-12 00:00:00.000,90.30,86.85,87.70,72.8,80.60
2022-09-19 00:00:00.000,85.60,86.73,87.30,69.1,80.70
2022-09-26 00:00:00.000,86.60,86.66,87.20,73.1,84.40
2022-10-03 00:00:00.000,88.70,86.63,87.20,69.3,78.10
2022-10-10 00:00:00.000,80.40,86.53,87.20,66.4,82.60
2022-10-17 00:00:00.000,85.80,86.48,87.20,69.1,80.50
2022-10-24 00:00:00.000,87.60,86.42,87.20,69.4,79.20
2022-10-21 00:00:00.000,0.00,84.73,87.00,0.0,0.00
2022-10-24 00:00:00.000,0.00,83.04,86.90,0.0,0.00
2022-10-27 00:00:00.000,80.10,82.87,86.90,66.7,83.30
2022-10-31 00:00:00.000,79.40,82.68,86.90,65.6,82.60
2022-11-07 00:00:00.000,87.10,82.73,86.90,70.6,81.10
2022-11-08 00:00:00.000,86.00,82.77,86.90,71.9,83.60
2022-11-14 00:00:00.000,86.90,82.83,86.90,67.2,77.30
2022-11-21 00:00:00.000,88.80,82.82,86.90,74.3,83.60
2022-11-28 00:00:00.000,85.20,82.80,86.90,68.5,80.40
2022-12-05 00:00:00.000,88.00,82.98,86.90,69.5,79.00
2022-12-12 00:00:00.000,87.20,83.04,87.00,73.0,83.70
2022-12-19 00:00:00.000,91.40,83.12,87.10,74.2,81.30
2022-12-26 00:00:00.000,89.60,83.16,87.10,74.8,83.40
2023-01-09 00:00:00.000,84.60,83.11,87.00,69.8,82.60
2023-01-16 00:00:00.000,87.30,83.14,87.10,71.3,81.70
2023-01-23 00:00:00.000,87.50,83.18,87.20,74.9,85.60
2023-01-30 00:00:00.000,89.10,83.31,87.20,71.7,80.50
2023-02-06 00:00:00.000,88.30,83.51,87.20,70.8,80.20
2023-02-13 00:00:00.000,86.60,83.48,87.20,73.6,85.00
2023-02-20 00:00:00.000,0.00,81.79,87.20,0.0,0.00
2023-02-24 00:00:00.000,84.70,81.75,87.20,70.1,82.80
2023-03-01 00:00:00.000,85.70,82.03,87.20,75.3,87.90
2023-03-06 00:00:00.000,89.00,82.06,87.20,72.6,81.50
2023-03-13 00:00:00.000,87.60,82.06,87.20,69.4,79.20
2023-03-17 00:00:00.000,85.10,82.08,87.20,70.0,82.20
2023-03-27 00:00:00.000,82.50,81.96,87.10,71.8,87.00
2023-04-03 00:00:00.000,88.40,81.99,87.20,71.5,80.90
2023-04-10 00:00:00.000,84.00,81.93,87.20,72.5,86.30
2023-04-17 00:00:00.000,83.40,81.88,87.20,68.8,82.50
2023-04-24 00:00:00.000,87.80,81.89,87.20,71.5,81.40
2023-04-24 00:00:00.000,88.60,81.85,87.20,72.2,81.40
2023-04-25 00:00:00.000,88.60,81.83,87.20,73.4,82.90
2023-05-01 00:00:00.000,84.50,81.76,87.20,72.6,86.00
2023-05-08 00:00:00.000,91.00,81.85,87.20,74.7,82.00
2023-05-11 00:00:00.000,89.40,81.85,87.20,76.3,85.40
2023-05-15 00:00:00.000,87.80,81.81,87.20,76.1,86.70
2023-05-18 00:00:00.000,70.80,81.49,87.20,59.1,83.40
2023-05-22 00:00:00.000,86.30,81.40,87.10,73.5,85.10
2023-05-29 00:00:00.000,90.60,81.45,87.10,77.2,85.20
2023-06-05 00:00:00.000,82.40,81.58,87.10,71.2,86.30
2023-06-12 00:00:00.000,89.60,81.65,87.20,81.3,90.70
2023-06-19 00:00:00.000,87.00,81.58,87.10,75.7,87.00
2023-06-26 00:00:00.000,87.90,81.55,87.10,78.7,89.50
2023-07-03 00:00:00.000,84.40,81.49,87.00,73.9,87.60
2023-07-10 00:00:00.000,90.70,81.59,87.10,75.2,82.90
2023-07-17 00:00:00.000,89.90,81.62,87.10,79.9,88.80
2023-07-24 00:00:00.000,90.80,81.63,87.10,75.3,82.90
2023-07-31 00:00:00.000,89.90,81.71,87.20,73.4,81.70
2023-08-07 00:00:00.000,90.30,81.78,87.30,79.0,87.50
2023-08-14 00:00:00.000,88.40,81.77,87.30,72.6,82.10
2023-08-21 00:00:00.000,90.30,81.96,87.50,73.5,81.40
2023-08-28 00:00:00.000,87.40,81.99,87.50,76.3,87.30
2023-09-04 00:00:00.000,86.00,81.96,87.40,68.7,79.90
2023-09-11 00:00:00.000,90.60,83.67,87.50,72.5,80.10
2023-09-11 00:00:00.000,88.80,85.35,87.60,71.1,80.10
2023-09-18 00:00:00.000,90.10,85.53,87.80,78.3,86.80
2023-09-25 00:00:00.000,87.50,85.69,87.80,68.5,78.30
2023-10-02 00:00:00.000,86.60,85.68,87.80,71.6,82.70
2023-10-01 00:00:00.000,83.60,85.63,87.80,70.2,84.00
2023-10-09 00:00:00.000,82.40,85.55,87.80,66.4,80.60
2023-10-16 00:00:00.000,85.70,85.49,87.60,66.2,77.30
2023-10-23 00:00:00.000,82.40,85.44,87.60,68.3,83.00
2023-10-28 00:00:00.000,82.00,85.32,87.50,66.3,80.90
2023-11-06 00:00:00.000,85.00,85.28,87.50,66.5,78.20
2023-11-07 00:00:00.000,83.90,85.14,87.50,69.4,82.70
2023-11-13 00:00:00.000,88.50,85.12,87.50,72.6,82.10
2023-11-20 00:00:00.000,87.20,85.17,87.50,69.4,79.70
2023-11-27 00:00:00.000,87.10,85.16,87.50,67.3,77.20
2023-12-04 00:00:00.000,84.80,85.11,87.40,71.8,84.70
2023-12-11 00:00:00.000,85.20,85.04,87.20,69.8,81.90
2023-12-18 00:00:00.000,82.60,84.93,87.10,66.2,80.10
2023-12-25 00:00:00.000,86.00,84.92,87.10,72.0,83.80
2023-12-25 00:00:00.000,85.50,86.53,87.10,71.6,83.80
2024-01-08 00:00:00.000,87.60,86.59,87.20,68.8,78.60
2024-01-15 00:00:00.000,85.80,86.59,87.20,73.1,85.10
2024-01-22 00:00:00.000,85.60,86.53,87.10,67.4,78.70
2024-01-23 00:00:00.000,81.70,86.42,87.00,66.2,81.10
2024-01-26 00:00:00.000,71.50,86.16,87.00,55.5,77.60
2024-01-29 00:00:00.000,81.10,86.13,87.00,63.8,78.60
2024-02-05 00:00:00.000,83.60,86.04,86.60,71.8,85.90
2024-02-07 00:00:00.000,83.70,86.04,86.60,67.7,80.80
2024-02-12 00:00:00.000,84.00,86.05,86.60,66.5,79.10
2024-02-11 00:00:00.000,82.20,85.94,86.30,67.0,81.50
2024-02-19 00:00:00.000,85.80,85.89,86.00,72.0,83.90
2024-02-26 00:00:00.000,87.80,85.87,86.00,72.1,82.10
2024-03-04 00:00:00.000,85.50,85.89,86.00,68.9,80.60
2024-03-06 00:00:00.000,83.20,85.75,86.00,68.4,82.20
2024-03-11 00:00:00.000,87.10,85.70,86.00,74.3,85.30
